Samples,Power
8050000.000000,77
8052000.000000,44
8054000.000000,27
8056000.000000,-25
8058000.000000,-18
8060000.000000,-56
8062000.000000,-66
8064000.000000,75
8066000.000000,78
8068000.000000,26
8070000.000000,-70
8072000.000000,-58
8074000.000000,-39
8076000.000000,18
8078000.000000,44
8080000.000000,45
8082000.000000,-6
8084000.000000,-81
8086000.000000,2
8088000.000000,13
8090000.000000,60
8092000.000000,0
8094000.000000,62
8096000.000000,-51
8098000.000000,-127
8100000.000000,-12
8102000.000000,135
8104000.000000,137
8106000.000000,-55
8108000.000000,-85
8110000.000000,-83
8112000.000000,38
8114000.000000,79
8116000.000000,54
8118000.000000,-45
8120000.000000,-81
8122000.000000,17
8124000.000000,36
8126000.000000,77
8128000.000000,-61
8130000.000000,-57
8132000.000000,-21
8134000.000000,42
8136000.000000,-13
8138000.000000,7
8140000.000000,92
8142000.000000,-2
8144000.000000,-63
8146000.000000,-73
8148000.000000,36
8150000.000000,21
8152000.000000,19
8154000.000000,2
8156000.000000,-8
8158000.000000,27
8160000.000000,29
8162000.000000,19
8164000.000000,-63
8166000.000000,8
8168000.000000,27
8170000.000000,65
8172000.000000,-37
8174000.000000,-51
8176000.000000,62
8178000.000000,118
8180000.000000,-2
8182000.000000,-150
8184000.000000,-46
8186000.000000,79
8188000.000000,142
8190000.000000,-5
8192000.000000,-105
8194000.000000,-88
8196000.000000,58
8198000.000000,146
8200000.000000,-10
8202000.000000,-118
8204000.000000,-122
8206000.000000,95
8208000.000000,137
8210000.000000,24
8212000.000000,-150
8214000.000000,-54
8216000.000000,108
8218000.000000,40
8220000.000000,-54
8222000.000000,-88
8224000.000000,79
8226000.000000,60
8228000.000000,30
8230000.000000,-88
8232000.000000,-45
8234000.000000,77
8236000.000000,94
8238000.000000,26
8240000.000000,-169
8242000.000000,-70
8244000.000000,66
8246000.000000,180
8248000.000000,30
8250000.000000,-100
8252000.000000,-92
8254000.000000,-2
8256000.000000,64
8258000.000000,38
8260000.000000,42
8262000.000000,-93
8264000.000000,-80
8266000.000000,-35
8268000.000000,102
8270000.000000,76
8272000.000000,-7
8274000.000000,-68
8276000.000000,-112
8278000.000000,-3
8280000.000000,42
8282000.000000,93
8284000.000000,-35
8286000.000000,-56
8288000.000000,-23
8290000.000000,28
8292000.000000,2
8294000.000000,-92
8296000.000000,13
8298000.000000,74
8300000.000000,68
8302000.000000,-112
8304000.000000,-68
8306000.000000,37
8308000.000000,100
8310000.000000,23
8312000.000000,-85
8314000.000000,-89
8316000.000000,-39
8318000.000000,136
8320000.000000,88
8322000.000000,-7
8324000.000000,-100
8326000.000000,-31
8328000.000000,1
8330000.000000,-5
8332000.000000,6
8334000.000000,14
8336000.000000,32
8338000.000000,-66
8340000.000000,-28
8342000.000000,6
8344000.000000,108
8346000.000000,9
8348000.000000,-95
8350000.000000,-76
8352000.000000,5
8354000.000000,99
8356000.000000,20
8358000.000000,-4
8360000.000000,-64
8362000.000000,4
8364000.000000,-4
8366000.000000,5
8368000.000000,-31
8370000.000000,7
8372000.000000,85
8374000.000000,-1
8376000.000000,-86
8378000.000000,-115
8380000.000000,108
8382000.000000,104
8384000.000000,-18
8386000.000000,-152
8388000.000000,-62
8390000.000000,116
8392000.000000,120
8394000.000000,29
8396000.000000,-151
8398000.000000,-97
8400000.000000,48
8402000.000000,179
8404000.000000,6
8406000.000000,-167
8408000.000000,-78
8410000.000000,89
8412000.000000,184
8414000.000000,-20
8416000.000000,-99
8418000.000000,-65
8420000.000000,87
8422000.000000,68
8424000.000000,-25
8426000.000000,-59
8428000.000000,-3
8430000.000000,66
8432000.000000,38
8434000.000000,33
8436000.000000,-68
8438000.000000,-21
8440000.000000,37
8442000.000000,63
8444000.000000,-46
8446000.000000,-68
8448000.000000,18
8450000.000000,54
8452000.000000,83
8454000.000000,-59
8456000.000000,-51
8458000.000000,-93
8460000.000000,38
8462000.000000,70
8464000.000000,62
8466000.000000,9
8468000.000000,-70
8470000.000000,-33
8472000.000000,-23
8474000.000000,50
8476000.000000,4
8478000.000000,9
8480000.000000,-40
8482000.000000,-30
8484000.000000,39
8486000.000000,76
8488000.000000,83
8490000.000000,-69
8492000.000000,-59
8494000.000000,-43
8496000.000000,39
8498000.000000,8
8500000.000000,50
8502000.000000,74
8504000.000000,14
8506000.000000,-91
8508000.000000,-80
8510000.000000,64
8512000.000000,58
8514000.000000,52
8516000.000000,-35
8518000.000000,-49
8520000.000000,-73
8522000.000000,15
8524000.000000,128
8526000.000000,7
8528000.000000,-86
8530000.000000,-123
8532000.000000,36
8534000.000000,88
8536000.000000,78
8538000.000000,-7
8540000.000000,-63
8542000.000000,-75
8544000.000000,-23
8546000.000000,83
8548000.000000,47
8550000.000000,-22
8552000.000000,-66
8554000.000000,36
8556000.000000,34
8558000.000000,1
8560000.000000,-4
8562000.000000,11
8564000.000000,6
8566000.000000,-27
8568000.000000,36
8570000.000000,-30
8572000.000000,4
8574000.000000,-5
8576000.000000,66
8578000.000000,40
8580000.000000,-53
8582000.000000,-82
8584000.000000,-2
8586000.000000,120
8588000.000000,10
8590000.000000,-59
8592000.000000,-110
8594000.000000,-1
8596000.000000,55
8598000.000000,107
8600000.000000,4
8602000.000000,-154
8604000.000000,-51
8606000.000000,59
8608000.000000,99
8610000.000000,-63
8612000.000000,-50
8614000.000000,0
8616000.000000,53
8618000.000000,11
8620000.000000,-48
8622000.000000,-49
8624000.000000,-33
8626000.000000,82
8628000.000000,33
8630000.000000,16
8632000.000000,-49
8634000.000000,14
8636000.000000,62
8638000.000000,-19
8640000.000000,-90
8642000.000000,-74
8644000.000000,100
8646000.000000,74
8648000.000000,17
8650000.000000,-87
8652000.000000,-11
8654000.000000,32
8656000.000000,55
8658000.000000,11
8660000.000000,-116
8662000.000000,-67
8664000.000000,4
8666000.000000,151
8668000.000000,51
8670000.000000,-63
8672000.000000,-89
8674000.000000,-34
8676000.000000,12
8678000.000000,9
8680000.000000,79
8682000.000000,29
8684000.000000,-44
8686000.000000,-78
8688000.000000,39
8690000.000000,20
8692000.000000,-17
8694000.000000,-21
8696000.000000,-4
8698000.000000,-13
8700000.000000,-3
8702000.000000,83
8704000.000000,-1
8706000.000000,-24
8708000.000000,-95
8710000.000000,4
8712000.000000,6
8714000.000000,-15
8716000.000000,-1
8718000.000000,30
8720000.000000,85
8722000.000000,-68
8724000.000000,-83
8726000.000000,-53
8728000.000000,68
8730000.000000,54
8732000.000000,23
8734000.000000,-72
8736000.000000,-114
8738000.000000,37
8740000.000000,109
8742000.000000,98
8744000.000000,-81
8746000.000000,-53
8748000.000000,-17
8750000.000000,41
8752000.000000,41
8754000.000000,42
8756000.000000,19
8758000.000000,-65
8760000.000000,-30
8762000.000000,-10
8764000.000000,109
8766000.000000,26
8768000.000000,-20
8770000.000000,-29
8772000.000000,-25
8774000.000000,11
8776000.000000,12
8778000.000000,99
8780000.000000,-16
8782000.000000,-42
8784000.000000,-72
8786000.000000,21
8788000.000000,16
8790000.000000,12
8792000.000000,36
8794000.000000,30
8796000.000000,-1
8798000.000000,-109
8800000.000000,-7
8802000.000000,65
8804000.000000,88
8806000.000000,-98
8808000.000000,-95
8810000.000000,19
8812000.000000,96
8814000.000000,114
8816000.000000,-39
8818000.000000,-93
8820000.000000,-75
8822000.000000,122
8824000.000000,76
8826000.000000,-52
8828000.000000,-100
8830000.000000,52
8832000.000000,174
8834000.000000,22
8836000.000000,-110
8838000.000000,-114
8840000.000000,84
8842000.000000,84
8844000.000000,14
8846000.000000,-69
8848000.000000,-11
8850000.000000,34
8852000.000000,46
8854000.000000,2
8856000.000000,-115
8858000.000000,-17
8860000.000000,51
8862000.000000,98
8864000.000000,-25
8866000.000000,-34
8868000.000000,-37
8870000.000000,3
8872000.000000,29
8874000.000000,-11
8876000.000000,18
8878000.000000,-42
8880000.000000,2
8882000.000000,-35
8884000.000000,67
8886000.000000,76
8888000.000000,-34
8890000.000000,-79
8892000.000000,-71
8894000.000000,67
8896000.000000,53
8898000.000000,55
8900000.000000,-71
8902000.000000,-68
8904000.000000,12
8906000.000000,86
8908000.000000,47
8910000.000000,-75
8912000.000000,-28
8914000.000000,1
8916000.000000,46
8918000.000000,-64
8920000.000000,-40
8922000.000000,65
8924000.000000,84
8926000.000000,-38
8928000.000000,-134
8930000.000000,-33
8932000.000000,56
8934000.000000,100
8936000.000000,-27
8938000.000000,-83
8940000.000000,-104
8942000.000000,45
8944000.000000,94
8946000.000000,45
8948000.000000,-54
8950000.000000,-109
8952000.000000,-19
8954000.000000,6
8956000.000000,53
8958000.000000,35
8960000.000000,40
8962000.000000,-34
8964000.000000,-93
8966000.000000,-20
8968000.000000,29
8970000.000000,39
8972000.000000,-7
8974000.000000,20
8976000.000000,-37
8978000.000000,8
8980000.000000,23
8982000.000000,18
8984000.000000,-61
8986000.000000,-24
8988000.000000,45
8990000.000000,-23
8992000.000000,-40
8994000.000000,-21
8996000.000000,133
8998000.000000,76
9000000.000000,-51
9002000.000000,-181
9004000.000000,-101
9006000.000000,160
9008000.000000,184
9010000.000000,32
9012000.000000,-195
9014000.000000,-94
9016000.000000,75
9018000.000000,163
9020000.000000,-8
9022000.000000,-144
9024000.000000,-61
9026000.000000,80
9028000.000000,155
9030000.000000,-30
9032000.000000,-87
9034000.000000,-62
9036000.000000,54
9038000.000000,36
9040000.000000,-60
9042000.000000,-52
9044000.000000,23
9046000.000000,117
9048000.000000,7
9050000.000000,-60
9052000.000000,-111
9054000.000000,38
9056000.000000,82
9058000.000000,23
9060000.000000,-76
9062000.000000,-68
9064000.000000,89
9066000.000000,61
9068000.000000,10
9070000.000000,-81
9072000.000000,6
9074000.000000,21
9076000.000000,47
9078000.000000,6
9080000.000000,12
9082000.000000,9
9084000.000000,-32
9086000.000000,4
9088000.000000,21
9090000.000000,99
9092000.000000,-3
9094000.000000,-47
9096000.000000,-37
9098000.000000,41
9100000.000000,76
9102000.000000,-2
9104000.000000,-51
9106000.000000,-46
9108000.000000,67
9110000.000000,37
9112000.000000,-9
9114000.000000,-89
9116000.000000,-5
9118000.000000,69
9120000.000000,33
9122000.000000,-42
9124000.000000,-76
9126000.000000,59
9128000.000000,53
9130000.000000,13
9132000.000000,-128
9134000.000000,-70
9136000.000000,21
9138000.000000,94
9140000.000000,113
9142000.000000,-54
9144000.000000,-75
9146000.000000,-65
9148000.000000,60
9150000.000000,42
9152000.000000,9
9154000.000000,-24
9156000.000000,-20
9158000.000000,-8
9160000.000000,2
9162000.000000,92
9164000.000000,55
9166000.000000,-11
9168000.000000,-161
9170000.000000,-66
9172000.000000,91
9174000.000000,156
9176000.000000,33
9178000.000000,-116
9180000.000000,-80
9182000.000000,-37
9184000.000000,90
9186000.000000,13
9188000.000000,-33
9190000.000000,-33
9192000.000000,103
9194000.000000,55
9196000.000000,-121
9198000.000000,-98
9200000.000000,50
9202000.000000,155
9204000.000000,-52
9206000.000000,-136
9208000.000000,-77
9210000.000000,127
9212000.000000,145
9214000.000000,19
9216000.000000,-128
9218000.000000,-131
9220000.000000,18
9222000.000000,107
9224000.000000,101
9226000.000000,-98
9228000.000000,-70
9230000.000000,17
9232000.000000,95
9234000.000000,-8
9236000.000000,-92
9238000.000000,4
9240000.000000,54
9242000.000000,59
9244000.000000,-77
9246000.000000,-61
9248000.000000,-22
9250000.000000,77
9252000.000000,73
9254000.000000,-45
9256000.000000,-115
9258000.000000,-77
9260000.000000,142
9262000.000000,95
9264000.000000,-32
9266000.000000,-139
9268000.000000,-8
9270000.000000,31
9272000.000000,40
9274000.000000,43
9276000.000000,-28
9278000.000000,-54
9280000.000000,-85
9282000.000000,99
9284000.000000,79
9286000.000000,16
9288000.000000,-67
9290000.000000,-43
9292000.000000,35
9294000.000000,6
9296000.000000,7
9298000.000000,-32
9300000.000000,10
9302000.000000,-39
9304000.000000,55
9306000.000000,62
9308000.000000,16
9310000.000000,-71
9312000.000000,-51
9314000.000000,23
9316000.000000,-40
9318000.000000,8
9320000.000000,34
9322000.000000,43
9324000.000000,-43
9326000.000000,-17
9328000.000000,4
9330000.000000,0
9332000.000000,-5
9334000.000000,-17
9336000.000000,19
9338000.000000,-25
9340000.000000,24
9342000.000000,36
9344000.000000,40
9346000.000000,-81
9348000.000000,-62
9350000.000000,24
9352000.000000,41
9354000.000000,8
9356000.000000,26
9358000.000000,83
9360000.000000,-50
9362000.000000,-98
9364000.000000,-62
9366000.000000,72
9368000.000000,63
9370000.000000,-3
9372000.000000,-56
9374000.000000,-64
9376000.000000,56
9378000.000000,49
9380000.000000,45
9382000.000000,-80
9384000.000000,-75
9386000.000000,-1
9388000.000000,60
9390000.000000,31
9392000.000000,-54
9394000.000000,49
9396000.000000,45
9398000.000000,-3
9400000.000000,-119
9402000.000000,-39
9404000.000000,76
9406000.000000,127
9408000.000000,61
9410000.000000,-103
9412000.000000,-114
9414000.000000,-23
9416000.000000,174
9418000.000000,118
9420000.000000,-16
9422000.000000,-188
9424000.000000,-53
9426000.000000,150
9428000.000000,129
9430000.000000,-3
9432000.000000,-125
9434000.000000,-21
9436000.000000,12
9438000.000000,48
9440000.000000,6
9442000.000000,-8
9444000.000000,-34
9446000.000000,-32
9448000.000000,27
9450000.000000,-1
9452000.000000,44
9454000.000000,-7
9456000.000000,2
9458000.000000,-31
9460000.000000,-66
9462000.000000,-46
9464000.000000,38
9466000.000000,78
9468000.000000,17
9470000.000000,-3
9472000.000000,-44
9474000.000000,-34
9476000.000000,-19
9478000.000000,87
9480000.000000,18
9482000.000000,-60
9484000.000000,-34
9486000.000000,60
9488000.000000,76
9490000.000000,-24
9492000.000000,4
9494000.000000,-32
9496000.000000,-10
9498000.000000,-27
9500000.000000,44
9502000.000000,65
9504000.000000,14
9506000.000000,-9
9508000.000000,-44
9510000.000000,-5
9512000.000000,-50
9514000.000000,23
9516000.000000,27
9518000.000000,41
9520000.000000,-11
9522000.000000,-3
9524000.000000,19
9526000.000000,-32
9528000.000000,-18
9530000.000000,-77
9532000.000000,28
9534000.000000,5
9536000.000000,23
9538000.000000,-1
9540000.000000,18
9542000.000000,13
9544000.000000,-73
9546000.000000,-16
9548000.000000,-29
9550000.000000,47
9552000.000000,27
9554000.000000,36
9556000.000000,-104
9558000.000000,-85
9560000.000000,97
9562000.000000,127
9564000.000000,-35
9566000.000000,-212
9568000.000000,-53
9570000.000000,124
9572000.000000,162
9574000.000000,-19
9576000.000000,-142
9578000.000000,-100
9580000.000000,24
9582000.000000,103
9584000.000000,41
9586000.000000,-23
9588000.000000,-96
9590000.000000,-6
9592000.000000,30
9594000.000000,39
9596000.000000,-39
9598000.000000,3
9600000.000000,21
9602000.000000,-26
9604000.000000,-30
9606000.000000,-25
9608000.000000,39
9610000.000000,19
9612000.000000,56
9614000.000000,-25
9616000.000000,-69
9618000.000000,-49
9620000.000000,52
9622000.000000,120
9624000.000000,-22
9626000.000000,-102
9628000.000000,-125
9630000.000000,64
9632000.000000,98
9634000.000000,97
9636000.000000,-20
9638000.000000,-122
9640000.000000,-92
9642000.000000,27
9644000.000000,112
9646000.000000,-27
9648000.000000,-42
9650000.000000,-28
9652000.000000,72
9654000.000000,-6
9656000.000000,-48
9658000.000000,-28
9660000.000000,22
9662000.000000,68
9664000.000000,-60
9666000.000000,-27
9668000.000000,-11
9670000.000000,108
9672000.000000,61
9674000.000000,-34
9676000.000000,-124
9678000.000000,-108
9680000.000000,97
9682000.000000,127
9684000.000000,83
9686000.000000,-69
9688000.000000,-63
9690000.000000,-59
9692000.000000,13
9694000.000000,50
9696000.000000,43
9698000.000000,-12
9700000.000000,-76
9702000.000000,9
9704000.000000,59
9706000.000000,112
9708000.000000,-60
9710000.000000,-106
9712000.000000,-48
9714000.000000,25
9716000.000000,58
9718000.000000,32
9720000.000000,28
9722000.000000,-45
9724000.000000,-7
9726000.000000,12
9728000.000000,20
9730000.000000,-55
9732000.000000,-9
9734000.000000,64
9736000.000000,48
9738000.000000,11
9740000.000000,-53
9742000.000000,16
9744000.000000,10
9746000.000000,21
9748000.000000,-27
9750000.000000,12
9752000.000000,20
9754000.000000,39
9756000.000000,53
9758000.000000,-31
9760000.000000,-70
9762000.000000,-57
9764000.000000,92
9766000.000000,58
9768000.000000,-7
9770000.000000,-73
9772000.000000,-30
9774000.000000,10
9776000.000000,21
9778000.000000,75
9780000.000000,-15
9782000.000000,-63
9784000.000000,-113
9786000.000000,52
9788000.000000,79
9790000.000000,3
9792000.000000,-87
9794000.000000,-35
9796000.000000,62
9798000.000000,3
9800000.000000,32
9802000.000000,-12
9804000.000000,-1
9806000.000000,-37
9808000.000000,-16
9810000.000000,13
9812000.000000,1
9814000.000000,50
9816000.000000,61
9818000.000000,66
9820000.000000,-115
9822000.000000,-123
9824000.000000,10
9826000.000000,178
9828000.000000,85
9830000.000000,-103
9832000.000000,-113
9834000.000000,-17
9836000.000000,87
9838000.000000,92
9840000.000000,46
9842000.000000,-157
9844000.000000,-144
9846000.000000,51
9848000.000000,212
9850000.000000,70
9852000.000000,-151
9854000.000000,-62
9856000.000000,-16
9858000.000000,0
9860000.000000,-37
9862000.000000,61
9864000.000000,60
9866000.000000,-15
9868000.000000,-41
9870000.000000,-24
9872000.000000,1
9874000.000000,-38
9876000.000000,54
9878000.000000,9
9880000.000000,-47
9882000.000000,-101
9884000.000000,44
9886000.000000,110
9888000.000000,14
9890000.000000,-48
9892000.000000,-77
9894000.000000,-49
9896000.000000,-68
9898000.000000,115
9900000.000000,128
9902000.000000,-2
9904000.000000,-180
9906000.000000,-93
9908000.000000,82
9910000.000000,55
9912000.000000,21
9914000.000000,-45
9916000.000000,-2
9918000.000000,-54
9920000.000000,44
9922000.000000,63
9924000.000000,5
9926000.000000,-75
9928000.000000,-27
9930000.000000,75
9932000.000000,-30
9934000.000000,-44
9936000.000000,13
9938000.000000,125
9940000.000000,-2
9942000.000000,-102
9944000.000000,-33
9946000.000000,73
9948000.000000,81
9950000.000000,-55
9952000.000000,-41
9954000.000000,-60
9956000.000000,38
9958000.000000,52
9960000.000000,62
9962000.000000,-28
9964000.000000,-102
9966000.000000,-1
9968000.000000,35
9970000.000000,23
9972000.000000,-51
9974000.000000,18
9976000.000000,-20
9978000.000000,-63
9980000.000000,-14
9982000.000000,125
9984000.000000,69
9986000.000000,-121
9988000.000000,-125
9990000.000000,0
9992000.000000,153
9994000.000000,62
9996000.000000,4
9998000.000000,-98
10000000.000000,-59
10002000.000000,24
10004000.000000,96
10006000.000000,24
10008000.000000,-111
10010000.000000,4
10012000.000000,119
10014000.000000,92
10016000.000000,-134
10018000.000000,-43
10020000.000000,82
10022000.000000,42
10024000.000000,-69
10026000.000000,-88
10028000.000000,52
10030000.000000,87
10032000.000000,140
10034000.000000,-27
10036000.000000,-135
10038000.000000,-163
10040000.000000,73
10042000.000000,176
10044000.000000,36
10046000.000000,-82
10048000.000000,-112
10050000.000000,54
10052000.000000,25
10054000.000000,38
10056000.000000,-6
10058000.000000,-5
10060000.000000,-55
10062000.000000,-48
10064000.000000,86
10066000.000000,76
10068000.000000,46
10070000.000000,-63
10072000.000000,-36
10074000.000000,-65
10076000.000000,1
10078000.000000,90
10080000.000000,121
10082000.000000,25
10084000.000000,-106
10086000.000000,-65
10088000.000000,-20
10090000.000000,51
10092000.000000,48
10094000.000000,82
10096000.000000,-50
10098000.000000,-143
10100000.000000,-26
10102000.000000,125
10104000.000000,154
10106000.000000,-70
10108000.000000,-103
10110000.000000,-90
10112000.000000,20
10114000.000000,65
10116000.000000,64
10118000.000000,-36
10120000.000000,-92
10122000.000000,-36
10124000.000000,42
10126000.000000,93
10128000.000000,-16
10130000.000000,-10
10132000.000000,-22
10134000.000000,-10
10136000.000000,-71
10138000.000000,-5
10140000.000000,123
10142000.000000,43
10144000.000000,-66
10146000.000000,-80
10148000.000000,55
10150000.000000,13
10152000.000000,15
10154000.000000,-14
10156000.000000,-9
10158000.000000,8
10160000.000000,12
10162000.000000,34
10164000.000000,-36
10166000.000000,2
10168000.000000,-6
10170000.000000,25
10172000.000000,-79
10174000.000000,-55
10176000.000000,95
10178000.000000,156
10180000.000000,-9
10182000.000000,-240
10184000.000000,-96
10186000.000000,70
10188000.000000,148
10190000.000000,-15
10192000.000000,-99
10194000.000000,-83
10196000.000000,54
10198000.000000,147
10200000.000000,10
10202000.000000,-132
10204000.000000,-179
10206000.000000,65
10208000.000000,146
10210000.000000,50
10212000.000000,-102
10214000.000000,-44
10216000.000000,95
10218000.000000,-19
10220000.000000,-94
10222000.000000,-71
10224000.000000,112
10226000.000000,88
10228000.000000,0
10230000.000000,-82
10232000.000000,-82
10234000.000000,30
10236000.000000,102
10238000.000000,57
10240000.000000,-150
10242000.000000,-114
10244000.000000,47
10246000.000000,209
10248000.000000,79
10250000.000000,-110
10252000.000000,-147
10254000.000000,-42
10256000.000000,53
10258000.000000,85
10260000.000000,100
10262000.000000,-44
10264000.000000,-92
10266000.000000,-61
10268000.000000,107
10270000.000000,52
10272000.000000,9
10274000.000000,-16
10276000.000000,-62
10278000.000000,-22
10280000.000000,-3
10282000.000000,92
10284000.000000,3
10286000.000000,-13
10288000.000000,-31
10290000.000000,-1
10292000.000000,-19
10294000.000000,-63
10296000.000000,62
10298000.000000,92
10300000.000000,28
10302000.000000,-190
10304000.000000,-76
10306000.000000,71
10308000.000000,145
10310000.000000,51
10312000.000000,-76
10314000.000000,-110
10316000.000000,-89
10318000.000000,109
10320000.000000,86
10322000.000000,24
10324000.000000,-63
10326000.000000,-22
10328000.000000,-2
10330000.000000,-21
10332000.000000,36
10334000.000000,46
10336000.000000,42
10338000.000000,-80
10340000.000000,-59
10342000.000000,40
10344000.000000,167
10346000.000000,47
10348000.000000,-119
10350000.000000,-134
10352000.000000,-27
10354000.000000,133
10356000.000000,89
10358000.000000,26
10360000.000000,-68
10362000.000000,-6
10364000.000000,-4
10366000.000000,-29
10368000.000000,-46
10370000.000000,16
10372000.000000,106
10374000.000000,0
10376000.000000,-98
10378000.000000,-103
10380000.000000,117
10382000.000000,133
10384000.000000,-48
10386000.000000,-193
10388000.000000,-74
10390000.000000,127
10392000.000000,155
10394000.000000,73
10396000.000000,-157
10398000.000000,-147
10400000.000000,7
10402000.000000,175
10404000.000000,30
10406000.000000,-101
10408000.000000,-74
10410000.000000,76
10412000.000000,139
10414000.000000,-19
10416000.000000,-83
10418000.000000,-81
10420000.000000,66
10422000.000000,31
10424000.000000,-18
10426000.000000,-3
10428000.000000,2
10430000.000000,54
10432000.000000,25
10434000.000000,-5
10436000.000000,-129
10438000.000000,-22
10440000.000000,63
10442000.000000,104
10444000.000000,-35
10446000.000000,-104
10448000.000000,-43
10450000.000000,27
10452000.000000,119
10454000.000000,9
10456000.000000,-34
10458000.000000,-127
10460000.000000,-15
10462000.000000,88
10464000.000000,84
10466000.000000,3
10468000.000000,-121
10470000.000000,-35
10472000.000000,-1
10474000.000000,93
10476000.000000,40
10478000.000000,15
10480000.000000,-55
10482000.000000,-68
10484000.000000,-10
10486000.000000,46
10488000.000000,88
10490000.000000,-1
10492000.000000,-26
10494000.000000,-87
10496000.000000,-41
10498000.000000,-22
10500000.000000,100
10502000.000000,115
10504000.000000,-13
10506000.000000,-119
10508000.000000,-96
10510000.000000,56
10512000.000000,54
10514000.000000,49
10516000.000000,-43
10518000.000000,-80
10520000.000000,-89
10522000.000000,74
10524000.000000,161
10526000.000000,28
10528000.000000,-92
10530000.000000,-162
10532000.000000,-6
10534000.000000,32
10536000.000000,93
10538000.000000,55
10540000.000000,-7
10542000.000000,-92
10544000.000000,-78
10546000.000000,59
10548000.000000,58
10550000.000000,-5
10552000.000000,-74
10554000.000000,13
10556000.000000,-4
10558000.000000,13
10560000.000000,28
10562000.000000,-4
10564000.000000,-36
10566000.000000,-60
10568000.000000,29
10570000.000000,-12
10572000.000000,20
10574000.000000,32
10576000.000000,92
10578000.000000,0
10580000.000000,-134
10582000.000000,-113
10584000.000000,30
10586000.000000,171
10588000.000000,38
10590000.000000,-37
10592000.000000,-117
10594000.000000,-24
10596000.000000,84
10598000.000000,128
10600000.000000,3
10602000.000000,-168
10604000.000000,-71
10606000.000000,84
10608000.000000,134
10610000.000000,-38
10612000.000000,-44
10614000.000000,-27
10616000.000000,18
10618000.000000,15
10620000.000000,4
10622000.000000,5
10624000.000000,-37
10626000.000000,20
10628000.000000,-20
10630000.000000,-12
10632000.000000,-61
10634000.000000,42
10636000.000000,60
10638000.000000,-2
10640000.000000,-84
10642000.000000,-77
10644000.000000,90
10646000.000000,71
10648000.000000,5
10650000.000000,-84
10652000.000000,-54
10654000.000000,15
10656000.000000,97
10658000.000000,79
10660000.000000,-69
10662000.000000,-134
10664000.000000,-47
10666000.000000,174
10668000.000000,116
10670000.000000,6
10672000.000000,-90
10674000.000000,-32
10676000.000000,-11
10678000.000000,0
10680000.000000,88
10682000.000000,39
10684000.000000,-22
10686000.000000,-42
10688000.000000,66
10690000.000000,16
10692000.000000,-4
10694000.000000,-9
10696000.000000,-1
10698000.000000,-53
10700000.000000,-73
10702000.000000,82
10704000.000000,61
10706000.000000,51
10708000.000000,-72
10710000.000000,-62
10712000.000000,-53
10714000.000000,-23
10716000.000000,43
10718000.000000,61
10720000.000000,96
10722000.000000,-74
10724000.000000,-75
10726000.000000,-68
10728000.000000,42
10730000.000000,75
10732000.000000,50
10734000.000000,-33
10736000.000000,-119
10738000.000000,19
10740000.000000,136
10742000.000000,125
10744000.000000,-96
10746000.000000,-115
10748000.000000,-75
10750000.000000,44
10752000.000000,88
10754000.000000,82
10756000.000000,36
10758000.000000,-78
10760000.000000,-80
10762000.000000,-41
10764000.000000,75
10766000.000000,42
10768000.000000,7
10770000.000000,-56
10772000.000000,-49
10774000.000000,-32
10776000.000000,24
10778000.000000,94
10780000.000000,-17
10782000.000000,-60
10784000.000000,-74
10786000.000000,24
10788000.000000,23
10790000.000000,40
10792000.000000,38
10794000.000000,-19
10796000.000000,-67
10798000.000000,-129
10800000.000000,29
10802000.000000,131
10804000.000000,112
10806000.000000,-109
10808000.000000,-119
10810000.000000,-29
10812000.000000,80
10814000.000000,127
10816000.000000,-29
10818000.000000,-92
10820000.000000,-105
10822000.000000,101
10824000.000000,77
10826000.000000,-48
10828000.000000,-125
10830000.000000,7
10832000.000000,131
10834000.000000,25
10836000.000000,-71
10838000.000000,-120
10840000.000000,68
10842000.000000,51
10844000.000000,-16
10846000.000000,-98
10848000.000000,-47
10850000.000000,105
10852000.000000,108
10854000.000000,7
10856000.000000,-165
10858000.000000,-64
10860000.000000,48
10862000.000000,107
10864000.000000,-12
10866000.000000,-54
10868000.000000,-41
10870000.000000,-5
10872000.000000,64
10874000.000000,22
10876000.000000,1
10878000.000000,-79
10880000.000000,-15
10882000.000000,-23
10884000.000000,102
10886000.000000,95
10888000.000000,-19
10890000.000000,-108
10892000.000000,-115
10894000.000000,38
10896000.000000,60
10898000.000000,87
10900000.000000,-17
10902000.000000,-50
10904000.000000,-3
10906000.000000,55
10908000.000000,18
10910000.000000,-45
10912000.000000,-16
10914000.000000,-3
10916000.000000,35
10918000.000000,-36
10920000.000000,37
10922000.000000,68
10924000.000000,88
10926000.000000,-57
10928000.000000,-144
10930000.000000,-25
10932000.000000,79
10934000.000000,168
10936000.000000,8
10938000.000000,-68
10940000.000000,-132
10942000.000000,15
10944000.000000,105
10946000.000000,47
10948000.000000,-5
10950000.000000,-81
10952000.000000,-10
10954000.000000,-34
10956000.000000,47
10958000.000000,35
10960000.000000,41
10962000.000000,-57
10964000.000000,-112
10966000.000000,-17
10968000.000000,59
10970000.000000,91
10972000.000000,-9
10974000.000000,-23
10976000.000000,-90
10978000.000000,-13
10980000.000000,48
10982000.000000,60
10984000.000000,-17
10986000.000000,-9
10988000.000000,45
10990000.000000,-69
10992000.000000,-49
10994000.000000,31
10996000.000000,156
10998000.000000,72
11000000.000000,-63
11002000.000000,-159
11004000.000000,-84
11006000.000000,153
11008000.000000,184
11010000.000000,18
11012000.000000,-204
11014000.000000,-86
11016000.000000,99
11018000.000000,204
11020000.000000,17
11022000.000000,-170
11024000.000000,-141
11026000.000000,49
11028000.000000,139
11030000.000000,5
11032000.000000,-41
11034000.000000,-62
11036000.000000,39
11038000.000000,6
11040000.000000,-62
11042000.000000,-65
11044000.000000,21
11046000.000000,104
11048000.000000,7
11050000.000000,-40
11052000.000000,-96
11054000.000000,26
11056000.000000,53
11058000.000000,25
11060000.000000,-102
11062000.000000,-75
11064000.000000,83
11066000.000000,79
11068000.000000,55
11070000.000000,-92
11072000.000000,-67
11074000.000000,-54
11076000.000000,37
11078000.000000,53
11080000.000000,15
11082000.000000,12
11084000.000000,-48
11086000.000000,-9
11088000.000000,9
11090000.000000,58
11092000.000000,-44
11094000.000000,-59
11096000.000000,-54
11098000.000000,41
11100000.000000,79
11102000.000000,12
11104000.000000,-36
11106000.000000,-76
11108000.000000,36
11110000.000000,16
11112000.000000,-1
11114000.000000,-46
11116000.000000,32
11118000.000000,79
11120000.000000,7
11122000.000000,-85
11124000.000000,-107
11126000.000000,91
11128000.000000,108
11130000.000000,24
11132000.000000,-119
11134000.000000,-73
11136000.000000,47
11138000.000000,95
11140000.000000,66
11142000.000000,-95
11144000.000000,-75
11146000.000000,-41
11148000.000000,70
11150000.000000,40
11152000.000000,33
11154000.000000,-22
11156000.000000,-62
11158000.000000,-57
11160000.000000,-5
11162000.000000,110
11164000.000000,107
11166000.000000,-6
11168000.000000,-205
11170000.000000,-90
11172000.000000,101
11174000.000000,161
11176000.000000,21
11178000.000000,-89
11180000.000000,-65
11182000.000000,-31
11184000.000000,99
11186000.000000,22
11188000.000000,-34
11190000.000000,-65
11192000.000000,55
11194000.000000,61
11196000.000000,-71
11198000.000000,-44
11200000.000000,64
11202000.000000,142
11204000.000000,-69
11206000.000000,-155
11208000.000000,-98
11210000.000000,130
11212000.000000,164
11214000.000000,29
11216000.000000,-117
11218000.000000,-169
11220000.000000,9
11222000.000000,92
11224000.000000,85
11226000.000000,-70
11228000.000000,-50
11230000.000000,13
11232000.000000,100
11234000.000000,11
11236000.000000,-87
11238000.000000,-25
11240000.000000,15
11242000.000000,57
11244000.000000,-58
11246000.000000,8
11248000.000000,37
11250000.000000,81
11252000.000000,60
11254000.000000,-52
11256000.000000,-127
11258000.000000,-74
11260000.000000,141
11262000.000000,138
11264000.000000,8
11266000.000000,-134
11268000.000000,-48
11270000.000000,35
11272000.000000,63
11274000.000000,50
11276000.000000,-50
11278000.000000,-59
11280000.000000,-50
11282000.000000,109
11284000.000000,68
11286000.000000,-11
11288000.000000,-123
11290000.000000,-71
11292000.000000,39
11294000.000000,56
11296000.000000,47
11298000.000000,-40
11300000.000000,-19
11302000.000000,-66
11304000.000000,30
11306000.000000,47
11308000.000000,6
11310000.000000,-54
11312000.000000,-20
11314000.000000,45
11316000.000000,-25
11318000.000000,14
11320000.000000,13
11322000.000000,62
11324000.000000,-46
11326000.000000,-29
11328000.000000,44
11330000.000000,52
11332000.000000,13
11334000.000000,-43
11336000.000000,-2
11338000.000000,-34
11340000.000000,49
11342000.000000,58
11344000.000000,64
11346000.000000,-63
11348000.000000,-45
11350000.000000,20
11352000.000000,-10
11354000.000000,-7
11356000.000000,-15
11358000.000000,85
11360000.000000,-34
11362000.000000,-64
11364000.000000,-46
11366000.000000,59
11368000.000000,75
11370000.000000,-31
11372000.000000,-66
11374000.000000,-82
11376000.000000,58
11378000.000000,103
11380000.000000,73
11382000.000000,-98
11384000.000000,-125
11386000.000000,-29
11388000.000000,55
11390000.000000,45
11392000.000000,-18
11394000.000000,49
11396000.000000,62
11398000.000000,-8
11400000.000000,-151
11402000.000000,-61
11404000.000000,52
11406000.000000,122
11408000.000000,38
11410000.000000,-85
11412000.000000,-86
11414000.000000,-15
11416000.000000,167
11418000.000000,88
11420000.000000,-68
11422000.000000,-209
11424000.000000,-54
11426000.000000,133
11428000.000000,145
11430000.000000,22
11432000.000000,-127
11434000.000000,-55
11436000.000000,-40
11438000.000000,70
11440000.000000,50
11442000.000000,8
11444000.000000,-48
11446000.000000,-20
11448000.000000,26
11450000.000000,-8
11452000.000000,11
11454000.000000,-46
11456000.000000,26
11458000.000000,-23
11460000.000000,10
11462000.000000,-10
11464000.000000,26
11466000.000000,59
11468000.000000,-19
11470000.000000,-19
11472000.000000,-71
11474000.000000,-28
11476000.000000,-3
11478000.000000,101
11480000.000000,31
11482000.000000,-84
11484000.000000,-76
11486000.000000,32
11488000.000000,80
11490000.000000,-26
11492000.000000,-6
11494000.000000,-44
11496000.000000,-4
11498000.000000,-16
11500000.000000,13
11502000.000000,-7
11504000.000000,-15
11506000.000000,43
11508000.000000,1
11510000.000000,-4
11512000.000000,-31
11514000.000000,29
11516000.000000,17
11518000.000000,-5
11520000.000000,-38
11522000.000000,13
11524000.000000,59
11526000.000000,15
11528000.000000,-13
11530000.000000,-34
11532000.000000,27
11534000.000000,-12
11536000.000000,4
11538000.000000,-6
11540000.000000,48
11542000.000000,34
11544000.000000,-44
11546000.000000,-31
11548000.000000,-32
11550000.000000,46
11552000.000000,6
11554000.000000,20
11556000.000000,-66
11558000.000000,-32
11560000.000000,123
11562000.000000,129
11564000.000000,-59
11566000.000000,-230
11568000.000000,-49
11570000.000000,109
11572000.000000,180
11574000.000000,2
11576000.000000,-106
11578000.000000,-99
11580000.000000,45
11582000.000000,119
11584000.000000,16
11586000.000000,-40
11588000.000000,-103
11590000.000000,23
11592000.000000,53
11594000.000000,86
11596000.000000,-26
11598000.000000,-28
11600000.000000,-11
11602000.000000,-53
11604000.000000,15
11606000.000000,-1
11608000.000000,67
11610000.000000,4
11612000.000000,21
11614000.000000,-12
11616000.000000,-103
11618000.000000,-66
11620000.000000,26
11622000.000000,141
11624000.000000,17
11626000.000000,-91
11628000.000000,-110
11630000.000000,37
11632000.000000,88
11634000.000000,66
11636000.000000,-38
11638000.000000,-106
11640000.000000,-55
11642000.000000,56
11644000.000000,124
11646000.000000,-24
11648000.000000,-66
11650000.000000,-41
11652000.000000,68
11654000.000000,15
11656000.000000,-24
11658000.000000,-1
11660000.000000,29
11662000.000000,56
11664000.000000,-58
11666000.000000,-44
11668000.000000,-34
11670000.000000,114
11672000.000000,82
11674000.000000,2
11676000.000000,-109
11678000.000000,-115
11680000.000000,58
11682000.000000,107
11684000.000000,62
11686000.000000,-105
11688000.000000,-52
11690000.000000,-21
11692000.000000,48
11694000.000000,41
11696000.000000,-2
11698000.000000,-40
11700000.000000,-103
11702000.000000,12
11704000.000000,69
11706000.000000,122
11708000.000000,-70
11710000.000000,-98
11712000.000000,-51
11714000.000000,21
11716000.000000,29
11718000.000000,-26
11720000.000000,29
11722000.000000,-29
11724000.000000,46
11726000.000000,21
11728000.000000,-27
11730000.000000,-102
11732000.000000,-32
11734000.000000,53
11736000.000000,42
11738000.000000,14
11740000.000000,-20
11742000.000000,26
11744000.000000,-7
11746000.000000,-8
11748000.000000,-47
11750000.000000,-11
11752000.000000,16
11754000.000000,27
11756000.000000,52
11758000.000000,-5
11760000.000000,-27
11762000.000000,-75
11764000.000000,52
11766000.000000,29
11768000.000000,-11
11770000.000000,-49
11772000.000000,13
11774000.000000,47
11776000.000000,15
11778000.000000,47
11780000.000000,-54
11782000.000000,-62
11784000.000000,-81
11786000.000000,68
11788000.000000,100
11790000.000000,20
11792000.000000,-54
11794000.000000,-67
11796000.000000,14
11798000.000000,-5
11800000.000000,14
11802000.000000,-18
11804000.000000,-1
11806000.000000,-32
11808000.000000,14
11810000.000000,7
11812000.000000,-34
11814000.000000,0
11816000.000000,31
11818000.000000,31
11820000.000000,-94
11822000.000000,-88
11824000.000000,5
11826000.000000,169
11828000.000000,54
11830000.000000,-121
11832000.000000,-131
11834000.000000,-1
11836000.000000,124
11838000.000000,92
11840000.000000,73
11842000.000000,-145
11844000.000000,-152
11846000.000000,40
11848000.000000,199
11850000.000000,59
11852000.000000,-133
11854000.000000,-21
11856000.000000,24
11858000.000000,65
11860000.000000,-26
11862000.000000,17
11864000.000000,9
11866000.000000,-1
11868000.000000,-8
11870000.000000,-7
11872000.000000,11
11874000.000000,-9
11876000.000000,39
11878000.000000,-1
11880000.000000,-67
11882000.000000,-89
11884000.000000,70
11886000.000000,104
11888000.000000,20
11890000.000000,-21
11892000.000000,-58
11894000.000000,-55
11896000.000000,-92
11898000.000000,82
11900000.000000,120
11902000.000000,28
11904000.000000,-110
11906000.000000,-42
11908000.000000,85
11910000.000000,49
11912000.000000,-18
11914000.000000,-68
11916000.000000,1
11918000.000000,-27
11920000.000000,58
11922000.000000,75
11924000.000000,25
11926000.000000,-67
11928000.000000,-26
11930000.000000,58
11932000.000000,-45
11934000.000000,-43
11936000.000000,31
11938000.000000,140
11940000.000000,-10
11942000.000000,-103
11944000.000000,-74
11946000.000000,29
11948000.000000,61
11950000.000000,-30
11952000.000000,-11
11954000.000000,-31
11956000.000000,59
11958000.000000,36
11960000.000000,18
11962000.000000,-77
11964000.000000,-92
11966000.000000,29
11968000.000000,66
11970000.000000,26
11972000.000000,-43
11974000.000000,49
11976000.000000,-2
11978000.000000,-60
11980000.000000,-24
11982000.000000,92
11984000.000000,84
11986000.000000,-104
11988000.000000,-102
11990000.000000,19
11992000.000000,145
11994000.000000,37
11996000.000000,-36
11998000.000000,-99
12000000.000000,-35
12002000.000000,60
12004000.000000,126
12006000.000000,22
12008000.000000,-175
12010000.000000,-55
12012000.000000,103
12014000.000000,64
12016000.000000,-122
12018000.000000,-52
12020000.000000,71
12022000.000000,45
12024000.000000,-60
12026000.000000,-97
12028000.000000,20
12030000.000000,21
12032000.000000,104
12034000.000000,8
12036000.000000,-110
12038000.000000,-131
12040000.000000,30
12042000.000000,152
12044000.000000,9
12046000.000000,-111
12048000.000000,-80
12050000.000000,77
12052000.000000,57
12054000.000000,31
12056000.000000,-25
12058000.000000,-15
12060000.000000,-91
12062000.000000,-67
12064000.000000,67
12066000.000000,97
12068000.000000,71
12070000.000000,-69
12072000.000000,-26
12074000.000000,-83
12076000.000000,-22
12078000.000000,44
12080000.000000,89
12082000.000000,7
12084000.000000,-101
12086000.000000,3
12088000.000000,1
12090000.000000,32
12092000.000000,4
12094000.000000,67
12096000.000000,-42
12098000.000000,-134
12100000.000000,-8
12102000.000000,146
12104000.000000,147
12106000.000000,-75
12108000.000000,-100
12110000.000000,-102
12112000.000000,35
12114000.000000,66
12116000.000000,82
12118000.000000,16
12120000.000000,-86
12122000.000000,-16
12124000.000000,21
12126000.000000,72
12128000.000000,-56
12130000.000000,-57
12132000.000000,4
12134000.000000,40
12136000.000000,-31
12138000.000000,-25
12140000.000000,89
12142000.000000,18
12144000.000000,-55
12146000.000000,-69
12148000.000000,49
12150000.000000,23
12152000.000000,-4
12154000.000000,2
12156000.000000,4
12158000.000000,-21
12160000.000000,-8
12162000.000000,8
12164000.000000,-40
12166000.000000,22
12168000.000000,55
12170000.000000,69
12172000.000000,-86
12174000.000000,-81
12176000.000000,64
12178000.000000,138
12180000.000000,11
12182000.000000,-171
12184000.000000,-35
12186000.000000,107
12188000.000000,147
12190000.000000,-41
12192000.000000,-87
12194000.000000,-77
12196000.000000,64
12198000.000000,145
12200000.000000,30
12202000.000000,-89
12204000.000000,-168
12206000.000000,53
12208000.000000,117
12210000.000000,52
12212000.000000,-115
12214000.000000,-37
12216000.000000,116
12218000.000000,33
12220000.000000,-93
12222000.000000,-109
12224000.000000,69
12226000.000000,37
12228000.000000,-7
12230000.000000,-67
12232000.000000,-30
12234000.000000,57
12236000.000000,98
12238000.000000,31
12240000.000000,-153
12242000.000000,-127
12244000.000000,26
12246000.000000,191
12248000.000000,69
12250000.000000,-60
12252000.000000,-103
12254000.000000,-36
12256000.000000,45
12258000.000000,50
12260000.000000,88
12262000.000000,-57
12264000.000000,-89
12266000.000000,-23
12268000.000000,123
12270000.000000,71
12272000.000000,-50
12274000.000000,-74
12276000.000000,-74
12278000.000000,-1
12280000.000000,20
12282000.000000,110
12284000.000000,28
12286000.000000,-31
12288000.000000,-39
12290000.000000,-10
12292000.000000,-23
12294000.000000,-76
12296000.000000,30
12298000.000000,116
12300000.000000,65
12302000.000000,-133
12304000.000000,-91
12306000.000000,30
12308000.000000,111
12310000.000000,25
12312000.000000,-36
12314000.000000,-86
12316000.000000,-77
12318000.000000,111
12320000.000000,104
12322000.000000,8
12324000.000000,-123
12326000.000000,-23
12328000.000000,9
12330000.000000,7
12332000.000000,44
12334000.000000,32
12336000.000000,40
12338000.000000,-98
12340000.000000,-77
12342000.000000,-7
12344000.000000,122
12346000.000000,39
12348000.000000,-75
12350000.000000,-74
12352000.000000,-18
12354000.000000,59
12356000.000000,27
12358000.000000,30
12360000.000000,-66
12362000.000000,-13
12364000.000000,6
12366000.000000,-2
12368000.000000,-33
12370000.000000,2
12372000.000000,83
12374000.000000,-26
12376000.000000,-75
12378000.000000,-64
12380000.000000,145
12382000.000000,112
12384000.000000,-75
12386000.000000,-150
12388000.000000,-56
12390000.000000,88
12392000.000000,87
12394000.000000,70
12396000.000000,-93
12398000.000000,-102
12400000.000000,25
12402000.000000,162
12404000.000000,18
12406000.000000,-167
12408000.000000,-108
12410000.000000,84
12412000.000000,162
12414000.000000,10
12416000.000000,-92
12418000.000000,-82
12420000.000000,57
12422000.000000,17
12424000.000000,-13
12426000.000000,-15
12428000.000000,-2
12430000.000000,59
12432000.000000,50
12434000.000000,36
12436000.000000,-129
12438000.000000,-65
12440000.000000,49
12442000.000000,100
12444000.000000,-25
12446000.000000,-60
12448000.000000,5
12450000.000000,43
12452000.000000,79
12454000.000000,-23
12456000.000000,-77
12458000.000000,-123
12460000.000000,-4
12462000.000000,99
12464000.000000,109
12466000.000000,8
12468000.000000,-108
12470000.000000,-37
12472000.000000,-31
12474000.000000,42
12476000.000000,23
12478000.000000,60
12480000.000000,-60
12482000.000000,-78
12484000.000000,-6
12486000.000000,73
12488000.000000,64
12490000.000000,-50
12492000.000000,-41
12494000.000000,-46
12496000.000000,40
12498000.000000,-6
12500000.000000,71
12502000.000000,103
12504000.000000,-24
12506000.000000,-121
12508000.000000,-93
12510000.000000,98
12512000.000000,72
12514000.000000,98
12516000.000000,2
12518000.000000,-87
12520000.000000,-111
12522000.000000,51
12524000.000000,169
12526000.000000,27
12528000.000000,-90
12530000.000000,-112
12532000.000000,28
12534000.000000,45
12536000.000000,52
12538000.000000,2
12540000.000000,-32
12542000.000000,-65
12544000.000000,-29
12546000.000000,91
12548000.000000,20
12550000.000000,-37
12552000.000000,-73
12554000.000000,27
12556000.000000,-21
12558000.000000,-19
12560000.000000,50
12562000.000000,53
12564000.000000,-12
12566000.000000,-71
12568000.000000,15
12570000.000000,-27
12572000.000000,-8
12574000.000000,2
12576000.000000,99
12578000.000000,61
12580000.000000,-71
12582000.000000,-86
12584000.000000,31
12586000.000000,117
12588000.000000,2
12590000.000000,-46
12592000.000000,-63
12594000.000000,15
12596000.000000,52
12598000.000000,137
12600000.000000,5
12602000.000000,-194
12604000.000000,-74
12606000.000000,78
12608000.000000,133
12610000.000000,-37
12612000.000000,-13
12614000.000000,-12
12616000.000000,23
12618000.000000,-6
12620000.000000,-36
12622000.000000,-22
12624000.000000,-52
12626000.000000,43
12628000.000000,37
12630000.000000,42
12632000.000000,-68
12634000.000000,-9
12636000.000000,61
12638000.000000,-20
12640000.000000,-105
12642000.000000,-50
12644000.000000,132
12646000.000000,80
12648000.000000,-14
12650000.000000,-111
12652000.000000,-57
12654000.000000,15
12656000.000000,76
12658000.000000,59
12660000.000000,-62
12662000.000000,-100
12664000.000000,-29
12666000.000000,140
12668000.000000,62
12670000.000000,-69
12672000.000000,-112
12674000.000000,-9
12676000.000000,-26
12678000.000000,10
12680000.000000,126
12682000.000000,37
12684000.000000,-89
12686000.000000,-138
12688000.000000,62
12690000.000000,58
12692000.000000,2
12694000.000000,-15
12696000.000000,-16
12698000.000000,-33
12700000.000000,-37
12702000.000000,46
12704000.000000,45
12706000.000000,36
12708000.000000,-55
12710000.000000,-10
12712000.000000,-28
12714000.000000,-30
12716000.000000,-2
12718000.000000,61
12720000.000000,80
12722000.000000,-68
12724000.000000,-71
12726000.000000,-28
12728000.000000,94
12730000.000000,65
12732000.000000,25
12734000.000000,-95
12736000.000000,-149
12738000.000000,19
12740000.000000,116
12742000.000000,128
12744000.000000,-82
12746000.000000,-87
12748000.000000,-56
12750000.000000,17
12752000.000000,37
12754000.000000,53
12756000.000000,79
12758000.000000,-59
12760000.000000,-76
12762000.000000,-30
12764000.000000,112
12766000.000000,34
12768000.000000,-37
12770000.000000,-59
12772000.000000,-24
12774000.000000,46
12776000.000000,73
12778000.000000,95
12780000.000000,-33
12782000.000000,-76
12784000.000000,-81
12786000.000000,10
12788000.000000,24
12790000.000000,30
12792000.000000,67
12794000.000000,32
12796000.000000,-39
12798000.000000,-136
12800000.000000,12
12802000.000000,102
12804000.000000,68
12806000.000000,-101
12808000.000000,-103
12810000.000000,25
12812000.000000,112
12814000.000000,68
12816000.000000,-68
12818000.000000,-118
12820000.000000,-71
12822000.000000,135
12824000.000000,102
12826000.000000,-28
12828000.000000,-103
12830000.000000,24
12832000.000000,120
12834000.000000,-10
12836000.000000,-90
12838000.000000,-62
12840000.000000,96
12842000.000000,69
12844000.000000,37
12846000.000000,-55
12848000.000000,-22
12850000.000000,36
12852000.000000,38
12854000.000000,7
12856000.000000,-108
12858000.000000,-12
12860000.000000,49
12862000.000000,89
12864000.000000,-3
12866000.000000,-60
12868000.000000,-54
12870000.000000,-20
12872000.000000,79
12874000.000000,46
12876000.000000,27
12878000.000000,-106
12880000.000000,-88
12882000.000000,-53
12884000.000000,107
12886000.000000,107
12888000.000000,-39
12890000.000000,-107
12892000.000000,-64
12894000.000000,81
12896000.000000,56
12898000.000000,41
12900000.000000,-89
12902000.000000,-73
12904000.000000,8
12906000.000000,90
12908000.000000,67
12910000.000000,-48
12912000.000000,-8
12914000.000000,-18
12916000.000000,-4
12918000.000000,-74
12920000.000000,42
12922000.000000,113
12924000.000000,100
12926000.000000,-82
12928000.000000,-163
12930000.000000,-32
12932000.000000,69
12934000.000000,112
12936000.000000,-11
12938000.000000,-48
12940000.000000,-65
12942000.000000,37
12944000.000000,95
12946000.000000,31
12948000.000000,-53
12950000.000000,-109
12952000.000000,-35
12954000.000000,-9
12956000.000000,84
12958000.000000,89
12960000.000000,61
12962000.000000,-104
12964000.000000,-131
12966000.000000,-31
12968000.000000,71
12970000.000000,67
12972000.000000,-20
12974000.000000,25
12976000.000000,-46
12978000.000000,-21
12980000.000000,3
12982000.000000,31
12984000.000000,-39
12986000.000000,-18
12988000.000000,71
12990000.000000,-35
12992000.000000,-22
12994000.000000,-12
12996000.000000,125
12998000.000000,20
13000000.000000,-108
13002000.000000,-160
13004000.000000,-65
13006000.000000,201
13008000.000000,181
13010000.000000,-7
13012000.000000,-213
13014000.000000,-98
13016000.000000,74
13018000.000000,178
13020000.000000,18
13022000.000000,-147
13024000.000000,-81
13026000.000000,76
13028000.000000,132
13030000.000000,-20
13032000.000000,-55
13034000.000000,-43
13036000.000000,51
13038000.000000,14
13040000.000000,-5
13042000.000000,-1
13044000.000000,3
13046000.000000,45
13048000.000000,-25
