Frequency,Power
9500000.000000,2147483647.000000
9508000.000000,2147483647.000000
9516000.000000,2147483647.000000
9524000.000000,2147483647.000000
9532000.000000,2147483647.000000
9540000.000000,2147483647.000000
9548000.000000,2147483647.000000
9556000.000000,2147483647.000000
9564000.000000,2147483647.000000
9572000.000000,2147483647.000000
9580000.000000,2147483647.000000
9588000.000000,2147483647.000000
9596000.000000,2147483647.000000
9604000.000000,2147483647.000000
9612000.000000,2147483647.000000
9620000.000000,2147483647.000000
9628000.000000,2147483647.000000
9636000.000000,2147483647.000000
9644000.000000,2147483647.000000
9652000.000000,2147483647.000000
9660000.000000,2147483647.000000
9668000.000000,2147483647.000000
9676000.000000,2147483647.000000
9684000.000000,2147483647.000000
9692000.000000,2147483647.000000
9700000.000000,2147483647.000000
9708000.000000,2147483647.000000
9716000.000000,2147483647.000000
9724000.000000,2147483647.000000
9732000.000000,2147483647.000000
9740000.000000,2147483647.000000
9748000.000000,2147483647.000000
9756000.000000,2147483647.000000
9764000.000000,2147483647.000000
9772000.000000,2147483647.000000
9780000.000000,2147483647.000000
9788000.000000,2147483647.000000
9796000.000000,2147483647.000000
9804000.000000,2147483647.000000
9812000.000000,2147483647.000000
9820000.000000,2147483647.000000
9828000.000000,2147483647.000000
9836000.000000,2147483647.000000
9844000.000000,2147483647.000000
9852000.000000,2147483647.000000
9860000.000000,2147483647.000000
9868000.000000,2147483647.000000
9876000.000000,2147483647.000000
9884000.000000,2147483647.000000
9892000.000000,2147483647.000000
9900000.000000,2147483647.000000
9908000.000000,367.270703
9916000.000000,512.139163
9924000.000000,1004.560632
9932000.000000,456.264016
9940000.000000,643.055759
9948000.000000,636.169939
9956000.000000,974.617541
9964000.000000,385.036379
9972000.000000,1178.289765
9980000.000000,865.069934
9988000.000000,2147483647.000000
9996000.000000,2147483647.000000
10004000.000000,2147483647.000000
10012000.000000,2147483647.000000
10020000.000000,2147483647.000000
10028000.000000,2147483647.000000
10036000.000000,2147483647.000000
10044000.000000,2147483647.000000
10052000.000000,2147483647.000000
10060000.000000,2147483647.000000
10068000.000000,2147483647.000000
10076000.000000,2147483647.000000
10084000.000000,2147483647.000000
10092000.000000,2147483647.000000
10100000.000000,2147483647.000000
10108000.000000,2147483647.000000
10116000.000000,2147483647.000000
10124000.000000,2147483647.000000
10132000.000000,2147483647.000000
10140000.000000,2147483647.000000
10148000.000000,2147483647.000000
10156000.000000,18038.845195
10164000.000000,23469.814592
10172000.000000,11979.824393
10180000.000000,4799.147281
10188000.000000,2400.021690
10196000.000000,7650.449394
10204000.000000,4220.619179
10212000.000000,5376.081514
10220000.000000,3801.014077
10228000.000000,8525.824049
10236000.000000,817.406294
10244000.000000,11759.142196
10252000.000000,641.652124
10260000.000000,1289.433276
10268000.000000,1342.249581
10276000.000000,1493.423678
10284000.000000,1375.198166
10292000.000000,1102.211290
10300000.000000,995.844539
10308000.000000,1543.887561
10316000.000000,979.646880
10324000.000000,529.781076
10332000.000000,1680.703181
10340000.000000,1094.878686
10348000.000000,1307.233157
10356000.000000,1231.896818
10364000.000000,1364.677531
10372000.000000,1322.944784
10380000.000000,813.236296
10388000.000000,2044.045148
10396000.000000,958.283476
10404000.000000,1464.699507
10412000.000000,2352.540800
10420000.000000,746.191826
10428000.000000,940.760481
10436000.000000,1695.756287
10444000.000000,617.335647
10452000.000000,1273.986778
10460000.000000,516.940379
10468000.000000,1161.863584
10476000.000000,638.802587
10484000.000000,623.549067
10492000.000000,481.677685
10500000.000000,217.967331
10508000.000000,2299.384824
10516000.000000,2805.812948
10524000.000000,1307.869093
10532000.000000,4636.561961
10540000.000000,759.230712
10548000.000000,540.489697
10556000.000000,1079.943802
10564000.000000,1152.799172
10572000.000000,507.913402
10580000.000000,2617.880133
10588000.000000,1195.689950
10596000.000000,1218.208702
10604000.000000,621.446431
10612000.000000,1683.333415
10620000.000000,501.448612
10628000.000000,1927.755837
10636000.000000,874.694170
10644000.000000,1563.209573
10652000.000000,864.492601
10660000.000000,905.102963
10668000.000000,2098.205449
10676000.000000,741.957503
10684000.000000,431.528569
10692000.000000,946.040378
10700000.000000,614.862195
10708000.000000,466.486815
10716000.000000,534.511498
10724000.000000,393.299242
10732000.000000,1135.305888
10740000.000000,1706.094972
10748000.000000,1348.752285
10756000.000000,1011.835531
10764000.000000,645.713598
10772000.000000,373.374279
10780000.000000,1197.461011
10788000.000000,737.557173
10796000.000000,769.463472
10804000.000000,540.998012
10812000.000000,601.260577
10820000.000000,225.588489
10828000.000000,697.762154
10836000.000000,2796.949161
10844000.000000,2038.491946
10852000.000000,651.072621
10860000.000000,389.108528
10868000.000000,832.727473
10876000.000000,3161.865710
10884000.000000,669.269304
10892000.000000,1386.066236
10900000.000000,665.844262
10908000.000000,741.817134
10916000.000000,3575.092470
10924000.000000,8228.923335
10932000.000000,3877.483426
10940000.000000,1969.958890
10948000.000000,749.495319
10956000.000000,817.722868
10964000.000000,449.801076
10972000.000000,544.758542
10980000.000000,2643.351342
10988000.000000,2163.604516
10996000.000000,997.042362
11004000.000000,561.532299
11012000.000000,771.147463
11020000.000000,1114.199853
11028000.000000,790.432737
11036000.000000,837.418980
11044000.000000,863.482625
11052000.000000,884.676625
11060000.000000,1407.202249
11068000.000000,1084.066520
11076000.000000,582.360456
11084000.000000,451.355491
11092000.000000,993.250796
11100000.000000,796.050769
11108000.000000,567.765664
11116000.000000,259.527882
11124000.000000,1853.334784
11132000.000000,1146.725432
11140000.000000,1179.917952
11148000.000000,850.581332
11156000.000000,1598.661803
11164000.000000,4099.774197
11172000.000000,2147483647.000000
11180000.000000,2147483647.000000
11188000.000000,2147483647.000000
11196000.000000,2147483647.000000
11204000.000000,2147483647.000000
11212000.000000,2147483647.000000
11220000.000000,2147483647.000000
11228000.000000,2147483647.000000
11236000.000000,2147483647.000000
11244000.000000,2147483647.000000
11252000.000000,2147483647.000000
11260000.000000,2147483647.000000
11268000.000000,2147483647.000000
11276000.000000,2147483647.000000
11284000.000000,2147483647.000000
11292000.000000,2147483647.000000
11300000.000000,2147483647.000000
11308000.000000,2147483647.000000
11316000.000000,2147483647.000000
11324000.000000,2147483647.000000
11332000.000000,2147483647.000000
11340000.000000,2147483647.000000
11348000.000000,2147483647.000000
11356000.000000,2147483647.000000
11364000.000000,2147483647.000000
11372000.000000,2147483647.000000
11380000.000000,2147483647.000000
11388000.000000,2147483647.000000
11396000.000000,2147483647.000000
11404000.000000,28601.505444
11412000.000000,3691.705738
11420000.000000,1147.737547
11428000.000000,4034.536426
11436000.000000,6985.010516
11444000.000000,11293.007387
11452000.000000,8993.610630
11460000.000000,42118.000380
11468000.000000,14882.927370
11476000.000000,31304.738973
11484000.000000,25515.844200
11492000.000000,5312.251277
11500000.000000,21815.811936
11508000.000000,72544.207287
11516000.000000,10821.276925
11524000.000000,6301.257047
11532000.000000,5833.678752
11540000.000000,8712.344112
11548000.000000,16796.671274
11556000.000000,2692.878326
11564000.000000,5936.509892
11572000.000000,11813.533342
11580000.000000,77272.161679
11588000.000000,13622.834867
11596000.000000,7760.719145
11604000.000000,18721.787539
11612000.000000,3736.021745
11620000.000000,2829.202312
11628000.000000,2762.250301
11636000.000000,4632.779177
11644000.000000,2147483647.000000
11652000.000000,2147483647.000000
11660000.000000,2147483647.000000
11668000.000000,2147483647.000000
11676000.000000,2147483647.000000
11684000.000000,2147483647.000000
11692000.000000,2147483647.000000
11700000.000000,2147483647.000000
11708000.000000,2147483647.000000
11716000.000000,2147483647.000000
11724000.000000,2147483647.000000
11732000.000000,2147483647.000000
11740000.000000,2147483647.000000
11748000.000000,2147483647.000000
11756000.000000,2147483647.000000
11764000.000000,2147483647.000000
11772000.000000,2147483647.000000
11780000.000000,2147483647.000000
11788000.000000,2147483647.000000
11796000.000000,2147483647.000000
11804000.000000,2147483647.000000
11812000.000000,2147483647.000000
11820000.000000,2147483647.000000
11828000.000000,2147483647.000000
11836000.000000,2147483647.000000
11844000.000000,2147483647.000000
11852000.000000,2147483647.000000
11860000.000000,2147483647.000000
11868000.000000,2147483647.000000
11876000.000000,2147483647.000000
11884000.000000,2147483647.000000
11892000.000000,2147483647.000000
11900000.000000,2147483647.000000
11908000.000000,2147483647.000000
11916000.000000,2147483647.000000
11924000.000000,2147483647.000000
11932000.000000,2147483647.000000
11940000.000000,2147483647.000000
11948000.000000,2147483647.000000
11956000.000000,2147483647.000000
11964000.000000,2147483647.000000
11972000.000000,2147483647.000000
11980000.000000,2147483647.000000
11988000.000000,2147483647.000000
11996000.000000,2147483647.000000
12004000.000000,2147483647.000000
12012000.000000,2147483647.000000
12020000.000000,2147483647.000000
12028000.000000,2147483647.000000
12036000.000000,2147483647.000000
12044000.000000,2147483647.000000
12052000.000000,1215.613405
12060000.000000,703.617529
12068000.000000,1921.284025
12076000.000000,965.063224
12084000.000000,1286.606772
12092000.000000,545.168377
12100000.000000,424.606714
12108000.000000,455.723880
12116000.000000,795.372163
12124000.000000,958.899535
12132000.000000,1028.440713
12140000.000000,401.715728
12148000.000000,622.926762
12156000.000000,625.150433
12164000.000000,290.448381
12172000.000000,568.507338
12180000.000000,409.496456
12188000.000000,678.592127
12196000.000000,534.653967
12204000.000000,797.072366
12212000.000000,274.735788
12220000.000000,289.478844
12228000.000000,2147483647.000000
12236000.000000,2147483647.000000
12244000.000000,2147483647.000000
12252000.000000,2147483647.000000
12260000.000000,2147483647.000000
12268000.000000,2147483647.000000
12276000.000000,2147483647.000000
12284000.000000,2147483647.000000
12292000.000000,2147483647.000000
12300000.000000,2147483647.000000
12308000.000000,2147483647.000000
12316000.000000,2147483647.000000
12324000.000000,2147483647.000000
12332000.000000,2147483647.000000
12340000.000000,2147483647.000000
12348000.000000,2147483647.000000
12356000.000000,2147483647.000000
12364000.000000,2147483647.000000
12372000.000000,2147483647.000000
12380000.000000,2147483647.000000
12388000.000000,2147483647.000000
12396000.000000,2147483647.000000
12404000.000000,2147483647.000000
12412000.000000,2147483647.000000
12420000.000000,2147483647.000000
12428000.000000,2147483647.000000
12436000.000000,2147483647.000000
12444000.000000,2147483647.000000
12452000.000000,2147483647.000000
12460000.000000,2147483647.000000
12468000.000000,2147483647.000000
12476000.000000,2147483647.000000
12484000.000000,2147483647.000000
12492000.000000,2147483647.000000
12500000.000000,2147483647.000000
12508000.000000,2147483647.000000
12516000.000000,2147483647.000000
12524000.000000,2147483647.000000
12532000.000000,2147483647.000000
12540000.000000,2147483647.000000
12548000.000000,2147483647.000000
12556000.000000,2147483647.000000
12564000.000000,2147483647.000000
12572000.000000,2147483647.000000
12580000.000000,2147483647.000000
12588000.000000,2147483647.000000
12596000.000000,2147483647.000000
12604000.000000,2147483647.000000
12612000.000000,2147483647.000000
12620000.000000,2147483647.000000
12628000.000000,2147483647.000000
12636000.000000,2147483647.000000
12644000.000000,2147483647.000000
12652000.000000,2147483647.000000
12660000.000000,2147483647.000000
12668000.000000,2147483647.000000
12676000.000000,2147483647.000000
12684000.000000,2147483647.000000
12692000.000000,2147483647.000000
12700000.000000,2147483647.000000
12708000.000000,2147483647.000000
12716000.000000,2147483647.000000
12724000.000000,2147483647.000000
12732000.000000,2147483647.000000
12740000.000000,2147483647.000000
12748000.000000,2147483647.000000
12756000.000000,2147483647.000000
12764000.000000,2147483647.000000
12772000.000000,2147483647.000000
12780000.000000,2147483647.000000
12788000.000000,2147483647.000000
12796000.000000,2147483647.000000
12804000.000000,2147483647.000000
12812000.000000,2147483647.000000
12820000.000000,2147483647.000000
12828000.000000,2147483647.000000
12836000.000000,2147483647.000000
12844000.000000,2147483647.000000
12852000.000000,2147483647.000000
12860000.000000,2147483647.000000
12868000.000000,2147483647.000000
12876000.000000,2147483647.000000
12884000.000000,2147483647.000000
12892000.000000,2147483647.000000
12900000.000000,2147483647.000000
12908000.000000,2147483647.000000
12916000.000000,2147483647.000000
12924000.000000,2147483647.000000
12932000.000000,2147483647.000000
12940000.000000,2147483647.000000
12948000.000000,2147483647.000000
12956000.000000,2147483647.000000
12964000.000000,2147483647.000000
12972000.000000,2147483647.000000
12980000.000000,2147483647.000000
12988000.000000,2147483647.000000
12996000.000000,2147483647.000000
13004000.000000,2147483647.000000
13012000.000000,2147483647.000000
13020000.000000,2147483647.000000
13028000.000000,2147483647.000000
13036000.000000,2147483647.000000
13044000.000000,2147483647.000000
13052000.000000,2147483647.000000
13060000.000000,2147483647.000000
13068000.000000,2147483647.000000
13076000.000000,2147483647.000000
13084000.000000,2147483647.000000
13092000.000000,2147483647.000000
13100000.000000,2147483647.000000
13108000.000000,2147483647.000000
13116000.000000,2147483647.000000
13124000.000000,2147483647.000000
13132000.000000,2147483647.000000
13140000.000000,2147483647.000000
13148000.000000,2147483647.000000
13156000.000000,2147483647.000000
13164000.000000,2147483647.000000
13172000.000000,2147483647.000000
13180000.000000,2147483647.000000
13188000.000000,2147483647.000000
13196000.000000,2147483647.000000
13204000.000000,2147483647.000000
13212000.000000,2147483647.000000
13220000.000000,2147483647.000000
13228000.000000,2147483647.000000
13236000.000000,2147483647.000000
13244000.000000,2147483647.000000
13252000.000000,2147483647.000000
13260000.000000,2147483647.000000
13268000.000000,2147483647.000000
13276000.000000,2147483647.000000
13284000.000000,2147483647.000000
13292000.000000,2147483647.000000
13300000.000000,2147483647.000000
13308000.000000,2147483647.000000
13316000.000000,2147483647.000000
13324000.000000,2147483647.000000
13332000.000000,2147483647.000000
13340000.000000,2147483647.000000
13348000.000000,2147483647.000000
13356000.000000,2147483647.000000
13364000.000000,2147483647.000000
13372000.000000,2147483647.000000
13380000.000000,2147483647.000000
13388000.000000,2147483647.000000
13396000.000000,2147483647.000000
13404000.000000,2147483647.000000
13412000.000000,1514.889147
13420000.000000,7349.038948
13428000.000000,1904.811640
13436000.000000,5541.191512
13444000.000000,717.626251
13452000.000000,680.264837
13460000.000000,2093.824252
13468000.000000,408.464036
13476000.000000,1033.932623
13484000.000000,1621.794416
13492000.000000,2231.428617
13500000.000000,1050.306981
13508000.000000,1288.876298
13516000.000000,1643.571791
13524000.000000,953.384131
13532000.000000,1044.119449
13540000.000000,1086.065033
13548000.000000,653.432757
13556000.000000,1062.336777
13564000.000000,1002.679652
13572000.000000,844.083342
13580000.000000,726.545532
13588000.000000,485.245108
13596000.000000,2147483647.000000
13604000.000000,2147483647.000000
13612000.000000,2147483647.000000
13620000.000000,2147483647.000000
13628000.000000,2147483647.000000
13636000.000000,2147483647.000000
13644000.000000,2147483647.000000
13652000.000000,2147483647.000000
13660000.000000,2147483647.000000
13668000.000000,2147483647.000000
13676000.000000,2147483647.000000
13684000.000000,2147483647.000000
13692000.000000,2147483647.000000
13700000.000000,2147483647.000000
13708000.000000,2147483647.000000
13716000.000000,2147483647.000000
13724000.000000,2147483647.000000
13732000.000000,2147483647.000000
13740000.000000,2147483647.000000
13748000.000000,2147483647.000000
13756000.000000,2147483647.000000
13764000.000000,2147483647.000000
13772000.000000,2147483647.000000
13780000.000000,2147483647.000000
13788000.000000,2147483647.000000
13796000.000000,2147483647.000000
13804000.000000,3100.791779
13812000.000000,2072.341128
13820000.000000,2429.931298
13828000.000000,1280.645973
13836000.000000,1897.597490
13844000.000000,1399.296467
13852000.000000,1780.497268
13860000.000000,1576.034824
13868000.000000,2068.077010
13876000.000000,1304.240677
13884000.000000,8686.671800
13892000.000000,7588.265274
13900000.000000,35641.118930
13908000.000000,10876.065132
13916000.000000,1900.453639
13924000.000000,3864.912534
13932000.000000,8425.868405
13940000.000000,15176.832643
13948000.000000,6486.938090
13956000.000000,11465.562577
13964000.000000,34070.881913
13972000.000000,13846.379263
13980000.000000,29399.608501
13988000.000000,12986.229077
13996000.000000,2147483647.000000
14004000.000000,2147483647.000000
14012000.000000,2147483647.000000
14020000.000000,2147483647.000000
14028000.000000,2147483647.000000
14036000.000000,2147483647.000000
14044000.000000,2147483647.000000
14052000.000000,2147483647.000000
14060000.000000,2147483647.000000
14068000.000000,2147483647.000000
14076000.000000,2147483647.000000
14084000.000000,2147483647.000000
14092000.000000,2147483647.000000
14100000.000000,2147483647.000000
14108000.000000,2147483647.000000
14116000.000000,2147483647.000000
14124000.000000,2147483647.000000
14132000.000000,2147483647.000000
14140000.000000,2147483647.000000
14148000.000000,2147483647.000000
14156000.000000,2147483647.000000
14164000.000000,2147483647.000000
14172000.000000,2147483647.000000
14180000.000000,2147483647.000000
14188000.000000,2147483647.000000
14196000.000000,2147483647.000000
14204000.000000,2147483647.000000
14212000.000000,2147483647.000000
14220000.000000,2147483647.000000
14228000.000000,2147483647.000000
14236000.000000,2147483647.000000
14244000.000000,2147483647.000000
14252000.000000,2147483647.000000
14260000.000000,2147483647.000000
14268000.000000,2147483647.000000
14276000.000000,2147483647.000000
14284000.000000,2147483647.000000
14292000.000000,2147483647.000000
14300000.000000,2147483647.000000
14308000.000000,2147483647.000000
14316000.000000,2147483647.000000
14324000.000000,2147483647.000000
14332000.000000,2147483647.000000
14340000.000000,2147483647.000000
14348000.000000,2147483647.000000
14356000.000000,1043.943682
14364000.000000,427.561022
14372000.000000,408.231574
14380000.000000,919.068276
14388000.000000,717.085629
14396000.000000,1013.344892
14404000.000000,431.072729
14412000.000000,754.296083
14420000.000000,618.507279
14428000.000000,739.554162
14436000.000000,1818.431951
14444000.000000,1452.261004
14452000.000000,1328.820422
14460000.000000,946.779936
14468000.000000,1100.215072
14476000.000000,554.289362
14484000.000000,263.045029
14492000.000000,852.564579
